<assembly xmlns="http://maven.apache.org/ASSEMBLY/2.0.0"
          xmlns:xsi="http://www.w3.org/2001/XMLSchema-instance"
          xsi:schemaLocation="http://maven.apache.org/ASSEMBLY/2.0.0 https://maven.apache.org/xsd/assembly-2.0.0.xsd">
    <id>build</id>
    <formats>
        <format>tar</format>
    </formats>
    <baseDirectory>/</baseDirectory>
    <includeBaseDirectory>false</includeBaseDirectory>
    <fileSets>
        <fileSet>
            <directory>${project.build.directory}</directory>
            <includes>
                <include>${project.build.finalName}.jar</include>
            </includes>
            <outputDirectory>/</outputDirectory>
        </fileSet>
        <fileSet>
            <directory>src/main/resources</directory>
            <includes>
                <include>**/*</include>
            </includes>
            <outputDirectory>/config</outputDirectory>
        </fileSet>
        <fileSet>
            <directory>src/main/resources</directory>
            <includes>
                <include>**/*</include>
            </includes>
            <outputDirectory>/config</outputDirectory>
        </fileSet>
        <fileSet>
            <directory>src/main/resources/bin</directory>
            <includes>
                <include>start.sh</include>
                <include>stop.sh</include>
            </includes>
            <outputDirectory>/bin</outputDirectory>
            <fileMode>0755</fileMode>
        </fileSet>
    </fileSets>
</assembly>
